{
  "precision": 0.9742451154529307,
  "recall": 0.15544849086013887,
  "fbeta": 0.26811682756935107
}