{
  "precision": 0.9998724815098189,
  "recall": 1.0,
  "fbeta": 0.9999362366894089
}