{
  "precision": 0.7967539653264478,
  "recall": 0.6121581408530538,
  "fbeta": 0.6923631701258114
}